rainfall_mm,humidity,temperature,wind_speed,previous_rainfall_mm,heavy_rainfall
56.18101782710438,51.10797573031718,23.925585256038588,33.6351497104449,57.19958782835928,1
142.60714596148742,72.51405684270148,23.704681986079997,39.834069859568615,80.54323292999864,1
109.79909127171076,92.37675015258449,33.59381870781555,12.523394939624948,76.01609297901591,1
89.79877262955549,83.93349318457368,23.74319299774259,31.243704980349946,15.389990469377368,1
23.40279606636548,88.39366887168698,24.079245891929464,28.587299157187434,14.92494697414739,0
23.399178050430397,79.52700200264304,31.390973936269454,41.64151883941356,26.817436774491334,0
8.71254182522992,81.53659387107115,26.7460976367581,45.304353024063026,36.10747263410372,0
129.92642186624028,90.95173909391916,31.650658354327717,0.6078385738693404,40.84555814084826,1
90.16725176148132,54.98008053155115,20.98049236346578,33.700995952939635,67.96972168333453,1
106.21088666940682,69.36549781858844,27.313567905100765,2.5917899559864512,5.66804321658354,1
3.087674144370367,53.27256650917613,20.50420400274924,27.442933253867796,3.4672704226066386,0
145.48647782429916,99.26008047979883,20.93979805183032,14.38163645218391,39.191056294390904,1
124.86639612006326,96.64356038119679,33.596561800166164,15.33882997610706,69.71636921379805,1
31.850866601741423,42.365608682110356,22.088680566763927,17.64792517261783,19.343534295648258,0
27.273745081065094,82.33451035094131,27.986310234128258,31.064622452480506,64.15044812562518,1
27.51067647801507,95.51489904493995,26.166434039010596,16.70249828343846,25.982813794029948,0
45.63633644393066,50.83452070764001,25.21014989388264,36.63495252951402,88.60861088135164,1
78.71346474483568,74.07671383315777,33.497500185309086,20.226369278693486,89.56899442666165,1
64.79175279631737,94.92929785528251,20.327350951632344,3.4176600154979306,29.72872042813265,1
43.684371029706284,42.03675871514793,29.956845292633837,39.187992124205365,22.99937539632405,0
91.77793420835692,81.84521603481039,34.45091651320325,14.2879162296353,41.13039720662313,1
20.924079097806274,57.840940442353045,28.402522751927627,21.638343979963132,24.05315851801487,0
43.82169728028272,95.46377172259182,34.05233693049638,34.27219416109508,67.23838432917036,1
54.95427649405376,98.26349470992207,20.783868189290356,16.6228078574356,82.60646845482856,1
68.41049763255539,96.65598934680604,26.28189978611242,2.8292828073357814,67.3092130911217,1
117.77639420895204,68.45285299944783,23.902366864430768,18.69605235064068,82.43504472493495,1
29.95106732375396,91.72255905935882,30.962314474710947,47.22242913471517,39.69921622074742,0
77.13516576204174,90.67296391210422,34.7194563574587,32.08671986492791,15.631697070886085,1
88.86218532930637,59.146028394595334,23.847950936663718,33.57395743336035,73.79509473975922,1
6.9675619079996585,89.73492844904064,29.812619022111114,31.614107681881993,36.047450514155386,0
91.13172778521576,42.220458082929554,22.9714644913961,9.949606947971839,67.12708252291326,1
25.57861855309373,75.77619270892319,28.47995381857415,20.916693205114008,27.064394198176565,0
9.757738947791928,53.80053023726218,26.95898730032504,37.54698991816591,8.122963480667266,0
142.33283058799998,47.23401314663673,34.580079944473056,5.068644877657958,99.25817954877634,1
144.8448049611839,44.61719209775255,29.127909090446998,13.892638804485614,15.620150793059928,1
121.25960221746917,81.77732655268838,25.242595581302282,13.815955423292682,98.8420993963481,1
45.6920653760056,60.39249782608397,21.711436773319,21.6009463797253,97.72799325664472,1
14.65081710095758,83.48600629172569,22.268702431024018,49.01843704710925,79.38181039080396,1
102.63495397682354,43.92138044793654,23.379753949268526,3.375127334191097,65.94229620819976,1
66.0228740609402,58.91742026983662,23.76449992010447,25.935049719029752,57.78070502510847,1
18.305735226716823,72.36947754252023,32.759240867617066,8.968234100610523,86.61015453778347,1
74.27653651669053,87.44338989033781,28.418341824237874,48.53382727048721,28.943952161948793,1
5.158278167282759,59.12515017592419,27.850863670615496,5.66517523637321,46.7681212484877,0
136.39806031181732,77.55348258622055,21.721533078038263,20.180050118079564,61.93899693665019,1
38.816997240002536,93.15866489417124,32.90209540024152,36.89424924173031,41.11904758694911,0
99.37834265309729,76.95179129093827,30.842214548127256,35.227721401372264,42.7486454090268,1
46.75666141341164,53.97756848521803,21.015025428500024,21.136431844696613,33.02846675020844,0
78.01020317667162,41.46404689339228,30.61752645844653,17.326208397635913,56.4231816684536,1
82.00654190149194,92.2059324340558,28.153073260139692,19.88061892764353,85.0574528015116,1
27.728168328829057,41.27616465102323,21.225880186201675,13.213813157931964,20.152837800631286,0
145.4376941646838,92.48210036105196,26.874509622929846,10.26664693533999,93.44330387534414,1
116.26992350416718,71.73622804163273,27.270444306950704,24.1519848779445,68.90876537482296,1
140.92484123462836,96.34406191077377,22.486618102449135,13.426687803380366,82.32732126800302,1
134.22410256414733,87.92699414641993,34.18547220500423,14.373083244862507,55.619069263001165,1
89.68499682166276,99.87604663200025,32.74963057220993,32.837803173727856,77.95167014240634,1
138.2811352534675,61.04270892710261,30.035335059936624,48.42686658499461,1.620039733946721,1
13.273875307787925,86.0312973358676,26.93443341500911,30.181860027968753,81.83804247795352,1
29.39742936287178,64.11585481655453,26.17648312376763,3.848973353248314,4.013885908536652,0
6.78409333658071,68.79253721823453,29.764602007264312,3.779180692703349,88.99133763628625,1
48.79954961448965,77.6503277931022,28.18147804110358,47.5711610422783,99.19627472386433,1
58.3015934534223,92.42062685118032,20.934096588228286,14.864539515366681,29.40674621767778,1
40.70235476608438,99.04500815195772,27.687539731554978,4.603349304123771,21.031855628579365,0
124.3106263727894,86.0964048318711,32.09605425849259,29.952229357519077,76.53633638580408,1
53.51299900403839,65.06600693004003,26.88859816395437,31.182438914513305,25.302634092025322,1
42.14017645310712,65.2814201366242,20.779348663314025,32.42524100593441,86.55623831722035,1
81.40441247373727,84.25493809533349,31.794172990760497,13.370101392877064,10.28425921574767,1
21.138633746214396,54.32662874609814,23.020456732039616,0.7555342107237517,12.595519637935826,0
120.32954711310595,46.62844678788368,23.879312523320582,48.25076847272359,97.91515551006155,1
11.182596551965624,61.27732945844659,22.470595301484437,12.544652284555124,67.38388982700046,1
148.03304049007758,57.2343394992449,24.953225973072463,33.801314402627376,84.68872244289528,1
115.83671539449861,57.778487227359406,31.351272585329525,35.331493493935476,32.4329377351518,1
29.80735223012586,54.0164650629946,27.79078789255906,30.500370853974285,67.64837495206044,1
0.8283175685403599,42.525591378181716,23.073219112260688,15.645369710682411,59.42418273085972,0
122.31921426822512,41.07243608400483,33.167451172280614,13.554812688203288,60.3150120122947,1
106.02860157714257,99.26334338416189,33.19372782427294,29.883414135135155,68.25324595377215,1
109.3510752061481,65.66638802415174,33.058676375690105,43.304781680584576,57.53591731290986,1
115.69055200289186,63.0595988295809,23.58194317072309,47.33668644616978,42.906236930266594,1
11.106697760113555,80.77883696158419,26.768590162714823,5.295290220187882,27.592269438054686,0
53.76985928164089,53.09523327190385,34.774844842113126,7.7414306298859925,76.8581330913202,1
17.380358928769457,96.99767103701352,31.580187144649855,47.236812939153985,22.62724300031862,0
129.46551388133904,87.18070086493313,20.407511318383396,36.82676141673963,69.23543061544142,1
93.49471902413369,45.36466013873557,20.978068868907382,44.149691241488654,23.333282264932663,1
49.634703727897374,65.0548465470957,26.95897065218499,10.131631706767157,62.53301699544539,1
9.533752542903546,92.74709845372988,33.638303087923404,29.379293555470092,74.70782671290289,1
46.64734825734933,96.68392133748462,28.080526969290712,35.056979720873684,21.87138889065392,0
48.777498304012056,68.04409067499219,27.467187620514352,34.00559427234863,5.994330086130828,0
109.44092675070961,76.80468335264246,21.58210549934946,20.407584543334906,13.097374299417408,1
95.63362070328196,50.02203676552451,29.85170157086441,0.7697445845654238,60.59969672710255,1
133.08191138644898,99.4701175682186,32.331547409003385,29.146302840213156,84.94464062257356,1
70.83223877429239,53.90030208300661,25.706300112613434,12.655076958980437,4.499682123542437,1
17.939136890745257,96.56390644810753,31.63417776387991,22.51271230714452,73.41512590416463,1
106.98671808344925,78.97879893954212,34.467149808512175,47.879050754190864,34.13186459500521,1
114.11775729253462,76.46420769273155,23.056496886915337,19.951765882121737,47.85283699195225,1
84.19157963542443,70.76131066099052,27.84994446792112,41.990080333221336,92.88595498455656,1
115.64507699318415,53.84018870306552,24.307069371268632,9.427030287462557,33.19715047358455,1
74.06933945465862,50.591681920330494,31.892816285507593,33.62302490125144,46.5336933939486,1
78.40992440729912,53.22917254421052,28.663900488217365,48.85034772194717,1.3682414760681105,1
64.13115275378244,51.18629572865527,29.518736263254556,5.094655043646839,8.159872000483837,1
3.8128690116142785,86.7750684140052,31.96871239423841,0.4159971113596006,25.859159113478402,0
16.183714048995668,61.0075155500038,25.939557089936823,21.67913963163072,2.7852240821074403,0
4.714377853010138,43.47056059380378,33.72635102610565,4.63127415256836,63.1375326048251,1
95.46156168956706,98.14615780844868,27.9954330086921,37.419217483811565,42.63983568016225,1
47.153397161449,93.02715309780554,22.36932234253022,45.727433192427945,54.814520272802206,0
76.28560367470541,95.66513699171279,30.438486772532038,21.701048635437942,17.464718589632955,1
136.13497108891394,99.69446935878611,31.898920256573817,12.935582107772047,29.593202943661613,1
37.39383437233124,50.433714953169236,24.7514251560129,21.72016595033049,66.38244748527251,1
61.55743845534446,63.77452113415953,32.85768885498129,36.17239089250005,96.53027236303998,1
113.3326707814573,85.49430854224548,33.5921488214865,0.4527080790185489,5.04167736022092,1
34.31972482374337,81.76123708322754,24.153567310667135,29.472699474234858,89.03843208552661,1
11.546986474318949,49.233754380391304,34.75282209072833,30.664584244368953,57.68812013112085,0
43.46271793706521,88.94998749943707,22.110672920731375,31.884412344796775,56.39195667556237,0
24.183193088100662,53.46643431019964,23.03023502603735,12.101103999043861,50.027853520776034,0
139.45464785138597,53.42905688935738,22.76337258857039,35.70263616890634,6.9394085904183385,1
121.21805693466254,72.21846537360481,33.40984565011806,4.56957431658882,8.987685173616066,1
95.01056347656352,75.57639609050219,29.814388284874425,9.96351682334004,60.09120056590861,1
130.71908852815767,74.80517247026867,22.281564248334092,43.873502332724094,34.09585714355583,1
120.55081153486717,45.489210243865294,26.604851275525235,36.93615753632832,91.72680665776807,1
27.985508832905374,92.64765175782281,29.229470376047033,0.6872777005672626,40.659053735947225,0
133.88384977349668,55.93600255532236,21.25196127484075,12.41881301849001,14.328145870264109,1
80.9013362873476,47.77089527696825,33.23624552611008,10.720324149658229,71.4718833502036,1
121.11602327460938,93.32488479213863,32.05405303162303,13.540316401848628,29.335342144100984,1
134.41369498852399,97.3390898937852,27.57810160364957,12.377988513994321,52.54703073558932,1
47.70052124577958,91.72765703592704,34.506899228887555,3.126314787142287,69.783278550517,1
16.507788679151513,88.57096448349269,26.266414689126496,22.947025829841017,90.02641112020704,1
34.19027438129125,79.3145188383413,34.761654785547464,36.63667373930826,79.2191194801676,1
64.06616829393845,73.05144223654835,30.018799982054404,30.33658623587182,67.63610678727241,1
122.70221488837397,45.21920559468461,29.520069098809124,33.64358342990399,67.96331823951436,1
129.10958748845152,64.50719278424192,22.489323429436773,4.057458926811957,94.59246440320865,1
1.0428195796786055,62.36131102073884,33.228916374569664,47.57453550883936,29.582409749653603,0
76.61209538663486,55.585227025619574,26.412345318809226,41.92459169215124,0.11120941961874076,1
62.611650472316846,83.40520682131509,22.43350108673719,40.254515924783135,27.19545593981987,1
33.31617157060954,69.75254410472624,20.189112799636387,41.149190252088374,21.7891379626744,0
17.97980510005242,44.862772954458876,28.39633525457574,46.63552540663807,66.18345851139982,1
50.64227571054419,53.21099211698868,27.910994331840143,27.212698305684885,63.3711599765529,1
141.43645558687788,80.99552581957576,30.790304335537378,10.014100893381295,59.34613827047238,1
48.480439803113285,44.56785156941801,33.35387079526703,30.839180392627057,1.62434432094537,0
77.81859326150492,91.07241484292612,21.191098769645443,37.14407468339695,72.87780544506475,1
105.45284383427668,69.70879162083847,30.972447355105437,36.89586966770127,32.353041248549154,1
54.5444403568941,68.83519463959888,22.811179161463734,26.072451208344006,66.50559890066312,1
145.7673124081441,75.54446707957106,32.87265579735746,3.422935966678903,55.65784285021533,1
144.3670942413167,89.48085795550895,32.28595270792484,18.55564692150639,34.27309254279072,1
37.767344373804626,60.86855247413158,28.111906324783163,46.038330423167864,13.457626710410775,0
74.58727588385781,80.68096915354381,30.653641979349672,29.2224454878713,9.441889766048096,1
45.13174647251545,73.94391783974746,24.715251697756226,26.91659716278567,83.15183331122236,1
42.72607415662014,56.02169621016528,27.06751848399222,13.442675719109676,91.8397542081558,1
5.53304210317992,92.71779918130949,32.324553465657075,18.422445995828944,64.97880467642996,1
91.43465009698453,87.8455612964157,26.888977957598208,44.76730445765846,10.343411486048337,1
75.40185348432922,79.50711007950554,25.366973979881628,33.32315237634179,40.20272168882407,1
7.721812687498403,91.03490374565452,27.4131867087545,39.36935133761664,72.89392001051573,1
41.79696963549171,92.03765205758813,32.423738786558275,22.717271153382757,77.9820884010068,1
136.23988289499806,82.50177860290208,25.02812071056309,31.512360972807897,11.82186222910886,1
35.934283600045866,90.22079970182033,22.60642389703616,12.419180437160376,0.003071884538241587,0
21.734230813683464,81.84828770015702,30.68021030496171,35.27304151417432,71.2137045880605,1
73.41791404163445,80.80844630561802,32.389673190621224,21.380066685166867,35.659617598620564,1
147.8475681165901,77.11668269291106,21.509562177853,22.12727574073728,25.448133161826025,1
36.30829072672506,85.16299837345846,23.59811169133917,32.466116228844086,1.289746978952544,0
100.82033211088178,49.51630631758442,22.12957984641491,46.81403107344633,54.02994067614997,1
114.24294229930764,92.85224555193571,25.2191211737325,3.200317330431046,85.11507354259817,1
35.64563159885995,92.31061166471392,26.75526468358119,41.23716186735038,95.76316462725879,1
109.23245229177894,41.75483698207355,31.232395054449597,14.619155520609656,56.574495061328925,1
55.167469907887984,89.54900503388576,29.767213773225112,22.195972725318892,51.44613277398942,1
94.84587458903692,47.73219204840671,29.313928512176467,1.0956664387504478,8.50563854892411,1
95.0294566141342,60.10713125554851,25.285624199144817,15.05230389171565,54.887280154259976,1
80.36620261121377,84.61049537749646,32.621713296271395,25.131562131506524,37.99790789653946,1
13.543465508161246,49.64559376289849,27.069307510972468,2.8088038673719504,60.71352808835769,1
125.2953743383857,89.07802144714373,34.686574070227316,24.55478646915826,38.87263478765467,1
48.11700974576038,89.92805067746451,29.512132074436053,46.35553144292137,24.029912345036674,0
27.977776559978135,70.44806402565017,21.89397112346754,5.2696609053902606,9.49652752283765,0
6.116271233214587,40.383152303010014,30.14266343113151,38.22203640377522,31.491844458889574,0
88.63394147823627,57.22228799049476,24.876560231475484,20.483552668799632,9.664483428775227,1
101.63465427634236,77.01561510254453,30.29490795029146,32.7586857262169,17.689695082398394,1
2.488174339178423,98.87117068164541,21.044617222436088,13.011829899261468,98.73361585795459,1
76.81395874489215,77.9088116210001,22.62322155763939,7.974613127067914,44.41035569066186,1
33.97436627969069,55.588214863849586,32.836058883586794,8.023130713561322,53.187176650501655,0
96.77591856141748,78.04034218597668,23.407693355352723,3.5245972821572327,87.36185287372153,1
26.154964350748717,72.39912278295134,32.5556168786441,9.282335245062152,99.55689004906878,1
103.64066071536989,86.79072370906862,24.189141326816156,33.21096924944841,58.27144493446815,1
58.01030194508061,46.4188383296175,29.643228650880616,44.084530592175405,81.24738210441717,1
140.50949831051017,85.66167415012168,30.412258602647466,40.70628427955809,32.694102433667524,1
20.628141621898987,72.47599472056662,27.689821297175794,34.25671549372421,30.57439574472911,0
51.159952657538774,97.77952023153968,24.57966015045097,5.521593170555134,40.27037209945602,1
17.021028186088362,60.51232996232116,23.189665645566443,14.459372314797491,67.25072626736491,1
138.7040427417844,77.9573135880369,20.497840318436392,15.490343766123448,68.21916892550988,1
131.60090300714714,95.92168633060105,24.559196018610855,12.49784731988106,31.52394346494508,1
38.69124415727334,46.15058367944076,29.797441857969247,25.750282985486155,13.320992413662868,0
98.99760690512686,96.23370923418707,34.07457227672724,26.77769074398363,63.239625646550856,1
122.58333003018238,81.27314333804881,33.06806723394578,17.84429875855551,12.832586218876452,1
83.28012173991935,44.07022354631032,31.49097164802954,17.6894579368218,57.84925082293301,1
79.44758675340097,58.057814016808976,31.826710148799478,41.42777989530407,69.3422128056309,1
36.277843635067754,82.4903253187169,29.97477355213993,39.46464241598428,70.06114963944516,1
13.965415170884881,44.041036088126305,23.904302863490045,15.389791584037283,75.34721106595967,1
134.58236369299902,74.9302276105764,33.607925460587445,45.68942219366296,87.28594215656645,1
135.06270857449957,60.752983417177404,30.06098467858751,47.6407508501253,49.995899196478845,1
94.96521859099019,77.25493106604863,28.406609464706598,16.33712710150204,73.02491895295712,1
50.854468657305105,42.74452202875077,21.664842038202217,17.721247439652743,61.91727353658367,1
52.381436191899134,92.29220836914257,26.705833157096382,25.28170767109794,18.663993979768257,1
108.8933518305359,98.4093381506438,26.905374068028895,47.056040626683675,2.568964486940817,1
134.56653899288656,98.13267131714149,32.96845414284005,43.815971657115576,28.454138567693377,1
133.0629636397676,84.97910990457548,28.199723302816828,5.12839812917949,44.30337063376194,1
116.98133187864357,47.80517440783792,25.706008234556144,19.63653716357081,61.71059444286563,1
96.30474692314317,85.49579175574135,34.65200492765989,27.668559487488594,84.99593305032053,1
12.620994749257324,41.47521498752809,21.660808899894736,25.156623627577,19.624571670616564,0
24.244307114192065,41.327413091739835,26.33822642467917,9.693153396844634,12.55497898984771,0
134.78312827906188,59.41661314897247,20.63037012757108,42.940838558407734,96.34799474743275,1
90.9643589489385,69.31859142427994,31.098561811503956,33.84703914984187,10.80445593764071,1
1.3795577424944472,86.22444506846759,33.771148282987255,41.89541874259018,47.84910701071892,0
15.220731429904816,80.9977225963903,24.200559943257343,42.93821396747361,58.55637287933019,0
99.52526536620837,66.7541623826049,32.875125151986815,37.41779268328699,54.137442090743825,1
0.759237576932803,56.41759997689995,24.383273456928467,21.960530062485866,8.603215703294321,0
24.1212077126248,99.82747000946267,33.66155242465873,30.527337750771228,5.702691400361937,0
82.31006840498792,65.57087813415838,31.30942855395176,8.018270305987157,10.548342746103568,1
103.784279653904,67.08322145978053,32.073601652621576,33.68227087374539,58.55876838726125,1
97.79418892539007,49.81742927150015,20.270098334006818,8.962662786964037,54.43448876343211,1
33.64039641908397,87.68857292499575,34.44215535611039,34.69747952550784,23.374079203674427,0
106.82688320213038,81.62093354688932,30.90006488105485,11.479908037698433,63.777414184559156,1
35.58736312452001,53.24617676732562,24.571266430792,5.877565007510999,82.00675020556494,1
48.80995472389016,44.94286273695056,32.4409199728827,8.26422450714787,4.157895984659376,0
111.97371076770362,80.82995812448279,24.22281797622395,0.0996067609535134,49.81299435480424,1
97.4449348570822,79.27067285686812,33.09130759349192,35.93698089267651,68.93104121026903,1
127.38351157412669,56.395571619892564,21.688705856179055,36.620052452918955,25.23119270696871,1
98.64193384505151,97.05181373502462,30.555289661911935,25.746667495662972,30.77709052931491,1
85.24629050032074,49.06347350685401,28.110477149673656,8.068140052769184,61.36379029893838,1
14.051215174213871,65.94008806255611,21.44801705293161,4.177716875534488,89.7935293443737,1
55.157370458915025,96.61695521005593,23.628407423882585,0.9564483218643505,80.99244203028994,1
39.78035515225882,65.18363901556734,20.186060544159723,8.287408848261036,58.31302190995835,0
36.59844650686254,78.31155685984513,27.031519481967585,44.54277674915733,73.02217177572491,1
145.95158321286684,63.855663877767654,24.518978911400005,12.076842085084088,36.482247020779866,1
58.96465870001406,56.452912140920205,28.975362264466384,17.71356636086078,64.09655280987577,1
133.806983276567,99.0386588775897,24.458567115629258,5.267274224066659,46.6181591127557,1
94.67079389958943,64.56004037890258,24.49878667260477,11.118065237408514,18.993613645756092,1
119.22169553124726,93.64595222074806,31.14789798097405,25.961228539010257,70.17382738772572,1
75.39556396577882,53.79727635346517,20.722142539675303,30.387634154782628,55.646463734882204,1
86.53558269395387,52.786282241505,33.54342492787981,12.267615708310553,35.86215819535914,1
73.87765407282959,41.86804497307068,32.78395811586772,2.8866079612558604,91.13391900786307,1
29.286448169706674,79.10000952255311,30.017070248396095,19.551643456369934,2.0934117826733267,0
108.3678172892258,62.11158062342567,28.898323551610765,11.710168546316707,31.5773151249496,1
42.11585436612837,91.86149499037822,33.384537472094785,10.977696161490098,5.688139777764656,0
3.647394964718076,68.39259440149343,22.779952692930717,47.99314013567276,76.65273162216272,1
96.82084438607517,98.09160567488331,21.184537432862427,30.815024296286204,70.21074541137926,1
26.56660191105734,51.13153094218727,23.592652548643073,27.843922158604794,33.13522187363171,0
141.06878765293715,92.11739007733664,31.918674180502855,20.788755176166095,67.5662902207073,1
143.0892865503881,86.59581116750451,20.52005400089725,21.447216671507213,39.593722619594985,1
137.22965853306727,86.25531067864313,28.742102526252346,27.045250191904042,75.62537914224343,1
55.52380503831666,90.68699368701326,34.93156274286965,34.82149035180536,45.41836627367061,1
2.3184924793301143,85.66143945657993,32.835441407563096,35.107304809091474,41.22797278316656,0
139.2477843881588,77.57321929788492,27.821685335653843,8.584695385272479,93.4729915488301,1
64.22762224759715,47.87469266094325,20.954613639299634,25.00563760383135,25.087909989070024,1
144.99822285655043,41.95157076947511,32.470602715785645,20.597904751705098,12.044733999656543,1
144.54299656338793,95.2508708689412,28.984677622658158,43.52634831346921,58.45431132594582,1
127.95141832010401,76.99901887124429,21.723994955893502,31.57094606091882,96.93218122841789,1
44.16733381043785,87.79223745857058,21.407859272350343,26.62520332079909,37.783921372718666,0
57.76465929028879,68.891341090753,33.644402291548886,5.769732108945869,6.203676362878152,1
127.67050072752853,47.038491337743665,30.03800394407118,30.281894466170574,33.93052673095674,1
47.53830077344165,47.511147532153025,32.439301989751335,5.860195284011671,50.593165431955846,0
25.423912002913873,81.13391723373829,33.18468350423401,16.860328778287602,16.19230066322137,0
83.52018936875253,65.81835369396777,28.576585280724835,7.142098240716593,65.8102218056492,1
140.42321612411715,52.0314836020202,27.761695276325618,34.603682351218445,99.77493890102006,1
104.40446950124596,69.49567280448622,26.45641115481485,10.31260569180763,45.17394759814438,1
85.50917551340474,43.85253622450804,24.75419881686679,19.5929686594013,35.472855673021265,1
14.57647406561528,74.91828411486392,26.518939412880677,44.783738880938934,40.070416683446666,0
92.25108400487547,56.13960426610586,31.608194835952347,10.215819169948514,11.514617839520113,1
148.50807751563949,87.85354603823129,29.02885146522697,25.390253197938957,88.32736014262238,1
21.012602285478604,58.621717535414426,33.38784934932269,20.9635830583011,41.4825655521352,0
77.74944785456051,67.31320894490807,26.650700215687817,0.9062020522864866,38.72744114248413,1
131.60596078919332,40.697232394486036,29.10634368078131,39.63790567864064,65.96902729304743,1
111.11529266313066,44.34681326767353,29.46961329637983,3.4522953157299865,44.203342093112354,1
104.55236114929019,63.549613384401084,28.875457434594885,23.71275104884768,64.8233468807846,1
105.3726125980664,68.79633008302741,30.539506596282745,28.033914746947495,6.144629013078751,1
53.92367268296327,76.00123288715822,23.561502025622094,31.421322830729352,81.37233437222274,1
44.038776639674005,57.499754722558194,27.68545666318686,34.431581465393776,94.05039528794026,1
121.40417332177704,81.69891316759255,21.563372042125216,12.663619176135754,64.8765386159386,1
121.51700920187712,91.60734383135227,25.76766991467219,0.49893883292246866,95.45659288588108,1
130.06084778701555,86.791059333601,27.315006029318965,36.1721831177456,15.143231436996329,1
136.9860828834707,42.37712952090143,29.783363893182088,26.78282996737893,47.74161894803537,1
76.70135982914067,68.83041683546973,34.25796578879305,41.805885160362436,60.180673394544726,1
75.22744420307994,46.29581070509049,29.00976599822534,41.06941814503472,58.17366474211867,1
119.74427684501627,54.522700951751645,31.153908742648397,42.16630838939416,40.14617790890432,1
97.49458961666477,99.19975559602878,27.593990892428042,24.25473299897701,33.80844093662614,1
105.2950315886555,48.5497325740908,29.51156047064497,16.681419791843282,12.68240225504188,1
119.36890041541515,69.93328920708137,21.0639832420066,39.5779101295685,39.17424505622782,1
133.50080127263493,77.08934405908715,23.815873712627706,22.564705651462745,16.266081510548513,1
50.69927352773037,82.14789823264624,25.42779639807708,9.172109820171725,73.43656764922184,1
56.3374428959916,73.57892100921484,27.087400325097704,42.748700978073714,20.883093549458998,1
14.097290976130349,40.58625084515102,20.684731182535756,44.127993838617364,5.856530528453385,0
86.7420211494261,59.58767849463951,22.100361463299766,23.315487807008505,55.236613781723435,1
5.391341069511313,71.06269860308268,24.152214616869585,3.7849863654893734,59.52297327194016,0
69.83970271986902,45.27198994869,34.57299036351576,19.391304495846562,87.19130612805056,1
81.3966952061365,61.037615872550845,24.970205106545762,40.17688297313017,57.69816124176819,1
42.98118781924266,41.99218652748199,27.230615871681238,45.088701427311435,34.54808537234457,0
88.62498908535161,44.71470982930124,22.941465691075894,10.173637124879791,80.30118815263205,1
4.575037490857414,63.815396572095764,29.161701066136523,3.348680601263576,54.027889318742105,0
5.602228312382163,47.96294524258362,24.210248232739616,43.86752265664193,7.928028463119174,0
123.39008409894873,74.05245089569348,23.1048886765764,19.470246948943764,56.58505603132467,1
54.02859621168943,81.36789814823595,27.748589426689687,27.088048213378162,90.80185454216624,1
19.059076897782717,88.03520194654497,20.082586987406312,48.40329060253794,39.631262549822054,0
78.33648900822065,52.009014654688606,20.11496048973838,3.3282363957111425,29.632580189980008,1
115.49903296479162,50.04895493554419,23.286032136527865,32.41590037260478,14.346945701802005,1
32.37315412452648,46.274070420064014,20.550820437512318,3.7052711287433535,15.144552193535732,0
93.43357137285004,78.1858149726182,21.62038631196037,18.77344642332502,43.27714843418189,1
12.802119749065199,82.38854358921407,25.082909740081273,40.190727259672336,59.56798241615295,0
7.752258175291154,41.89516868953852,32.038785193697194,21.67361163778172,8.061540516960175,0
79.7031947352222,96.17273477462139,28.58072965053951,49.85911769514752,93.95685890251657,1
81.09526824151598,43.118277019088346,27.690015889346245,27.952964247330108,75.51336174451959,1
95.61448522473098,72.47778011806423,24.402332348121824,16.058107631797675,58.66239182836627,1
108.91370005839923,82.54363116705498,33.976305791492244,11.005566295237657,82.84386709389908,1
146.37781191938018,92.25814742476513,25.955225618557876,17.52602671430809,8.01867568121133,1
77.4450522451793,82.84521592794567,21.306391501936574,18.62666368797754,47.68388777331244,1
48.443470941186895,88.10368498418751,29.25599774176702,3.4356838861980488,63.00931268616634,1
119.27792921530555,60.367011552568364,21.70757590214902,18.47870997133866,82.86529061182893,1
40.624837689311136,88.88950682479074,25.17834714202538,23.211925986961248,78.34695600492677,1
65.84571310584542,44.806890783080505,27.611179080767133,36.13688761194023,27.706924971339962,1
11.768457201339894,93.68899936363167,33.11333787027763,32.8364742360804,94.08801695592042,1
3.8026115123186264,72.85554256922418,27.40319870510178,35.438282761457714,12.434584143087035,0
144.39726220168876,89.03786619774962,30.533881490474965,0.41818409384285493,87.51336186211522,1
125.39701807683088,67.139097071098,34.89225258498605,10.883369979026803,97.09402496046185,1
104.3961309140547,78.6146617117915,21.972336798469726,33.084214419992826,17.715352322262557,1
61.34294166214048,71.58415965616679,24.120972882792792,24.199468408987357,72.20660642037853,1
25.994148010626866,83.89537130531991,25.918641133964698,0.2656737834172973,4.028551877799846,0
23.46555640066291,44.897798921835374,26.32742267808247,40.22473212159112,40.542282513915495,0
37.5364347246893,43.62112503943383,26.165316128983186,38.64047866451687,51.6283299197674,0
82.38399970591807,54.82619404060878,33.614165038348325,27.420958149678132,58.064522590963406,1
107.18938840500935,49.5726808067913,30.710489667002847,3.323166288813606,93.59372482485595,1
99.0296065076597,92.3070139955321,29.118578211360557,38.32575247662923,67.22506872941946,1
41.99008454189143,53.15283924148266,24.64059076794173,29.185679386568196,48.1277951219237,0
143.2297920994791,98.55191534914788,32.356855763319416,39.097998857897956,80.96750362658894,1
110.68453750436528,60.213747506266415,34.32590767227484,37.58734961979202,95.05328209544089,1
83.15310787671011,50.927074941321955,32.3179742382534,40.15010359789186,2.2066148682290843,1
91.75811193515284,87.38191042854875,20.023476577872092,25.90040332023124,98.25212722560387,1
62.94000936416849,79.52246653005257,29.546020552751106,7.016225909675749,8.613213906368033,1
37.15964842517362,69.89174298718834,20.76703072163151,33.557873668984435,81.43867792687614,1
53.39590179768924,73.32181305625787,23.86410830500583,31.02368925259853,28.033475255141248,1
113.67691656965536,83.15210669633584,20.892870505216575,37.11265935995436,13.217965775387174,1
2.1590232944633803,53.70728447987793,29.056931794240818,8.494050302536765,43.98556397138349,0
17.410896076037435,99.78003496340452,30.2988487023891,9.748759995014462,64.39565794476135,1
6.900396303262912,98.487589728807,21.717314570988577,44.52047586096642,38.0951845023475,0
6.109320347845521,79.01954118081622,25.75758324567469,37.49888992260354,5.456540828269896,0
128.3190876016511,51.972547055748706,26.84354763433313,45.411424435016144,59.94611396587166,1
105.54867890700355,80.81369454587748,25.535795326413748,37.93576605819604,90.24032761106747,1
71.12607436309878,44.33190453875055,21.815375007277897,29.857765299515094,38.32153659472517,1
14.675124097650222,41.839150132348365,26.28421685281213,32.70663685139368,21.633277763082702,0
73.74238126752485,55.46097331067282,31.267670717126272,44.456396197000494,44.25773459328154,1
71.02076561708485,67.75737740435898,21.06511496799883,28.940337725597026,4.836271104878087,1
25.980280486502277,92.09635032450282,21.202700211228553,31.619566216419372,82.04875844802748,1
65.07774738569596,83.63014418597848,25.321569377539763,7.823835800180029,82.63408109501867,1
59.775710159606014,84.56239127199886,34.12588567428388,23.696061005805134,58.800046342962844,1
92.37751470783247,65.52960006688451,30.02858970084371,35.81985559790495,35.31028889383895,1
95.26404763014656,60.75609955281777,30.180049350088474,13.54713491581827,79.97833644457833,1
6.795601465806678,62.262325779076164,25.428799862567974,10.112709026226746,55.46870247883672,0
56.19189219397068,99.25897382416346,28.904911868128075,15.691340411220779,82.59323085500162,1
93.87898735713546,42.406551484748945,20.151967760416152,12.075031399641672,63.14587925830206,1
75.47043878701315,92.02188976734692,29.541440696143134,10.745631851819793,78.44054732127972,1
128.47347617824835,74.7205245143436,33.69930421364355,21.242542143404346,59.856299321776,1
98.80404474284175,66.31692515137543,29.188602025172287,45.391925694176706,41.41410682156662,1
24.440164062214453,83.51545962490819,33.10547890199518,25.352982336935913,95.79458599261376,1
10.585312110064477,69.20013648548218,30.859595831991406,9.396019040766152,54.11138248788448,0
96.36289173094734,92.40539428489964,21.808376246055353,3.848583469043704,60.50895185405384,1
3.9766965812432717,94.04211184067552,33.53679960928763,34.80780725689626,22.048763941474924,0
87.8663371910195,65.30325561240733,20.996657665336624,19.139938221819392,62.565078942727645,1
141.03453621374365,56.60966783410309,28.009512088216457,41.09154732926796,57.160764948294386,1
86.32112668138184,75.54101971560173,22.132056856901865,32.97553843203851,18.483839794702494,1
58.22548893097829,94.74180073700145,20.17559916096356,39.81207252706842,5.958709735314372,1
96.49323276635297,52.63973134033999,26.330513901914586,13.597301970922437,60.43593197147711,1
68.73793357372749,77.37799501380897,24.425610614812342,34.6179461230529,76.36922693503206,1
81.84251839739024,77.89361320555123,27.290007406964044,13.203099234685938,52.34013709220082,1
141.21972131647877,83.98678134491686,28.65799830101826,46.95342397251458,22.67726253196457,1
57.91539567011614,47.894061107635586,20.65608608463421,31.81871407666872,66.65219766930349,1
144.17858457358713,82.94949788092532,21.845049426856185,16.225590008767103,8.010572660960225,1
135.80259629340955,94.54195123993847,28.37963594675638,13.475593114613632,44.183370480195464,1
29.368670218394467,50.78098653221452,25.147510297589875,9.546329253582176,16.33667583984202,0
10.404195131274818,54.25259949543266,30.93760231324172,34.73204794468639,18.445905105988338,0
15.116700206613999,98.28370564249838,29.784374728879094,10.935780649896365,20.229394915820365,0
2.733273847732459,50.85861716256939,32.6840654448486,29.765163296374453,38.67070570439779,0
14.16644411338926,91.26310560217475,30.38739240003838,13.231751346267867,5.115020562039763,0
102.45101601245352,69.53667138688209,26.448966160852223,33.09844723969343,39.77934409290982,1
10.678297269034347,54.833864464190626,30.09449933591649,40.74698642702696,51.170744711470086,0
47.846344544064195,92.24499407635068,24.13071761383128,38.90126215723266,48.329428496632524,0
126.73129664541818,66.71831530015993,24.59470248167319,38.042566546539085,38.27841004030405,1
3.4907903603738797,70.8890412357814,31.8347773988119,9.386120284612604,83.91466080707525,1
122.17027238834036,61.55400216398594,26.696292746023733,4.419247349225936,14.53266924205041,1
42.27821621600999,75.57705108609565,31.975705107775287,34.94744142436928,50.5696743781374,0
17.724724143248437,49.81143235510137,32.336335605024175,18.417360689717565,6.20414169565543,0
104.51057480462259,63.46489219910564,32.86343506491926,21.617311320167364,7.1155678877909745,1
94.34142701698259,98.16473934011725,33.74952853761811,1.5574546396695532,57.38658496770963,1
131.62080202905796,55.48800596206765,26.464778307699444,12.97882246375246,56.6018424887821,1
110.26065657058287,79.40419987247753,24.783002274817083,1.6838201937232011,87.8033512844457,1
120.52213955772729,59.511403853481696,28.73298119891171,43.95928863006238,55.78736756600732,1
42.30518588569597,86.40838754119605,25.567586351564415,12.169834160926523,95.97910204048502,1
26.615931566958423,47.85241964310099,29.016112502003494,27.866858478650403,4.869484839992976,0
112.59221274612875,98.18926270471269,30.58378793965737,1.9489660330565206,9.800768478074106,1
121.0252108900896,67.22737248301836,30.326075277382053,33.3423695652829,4.40658615703814,1
148.575771300101,54.16302780078784,25.61829330530182,16.151367287704694,18.527685033354004,1
61.89265153671397,44.409804839800756,22.50290302548129,44.89595934788329,54.12701109416781,1
55.802712868917475,50.18547430525244,26.457940076933113,44.40590944670179,64.5572181427428,1
116.46194411129953,71.18643691336106,22.13891216122863,16.264530918087388,4.55851579486688,1
51.120531037952674,60.22019058587718,33.351455527757125,45.04804478452339,94.59708898455993,1
139.6135988405347,89.73300195295657,25.188161911067862,49.80788367493894,84.2165376650381,1
128.76191277645177,65.85325141970836,22.316896208349856,41.2707832061974,29.661248215709314,1
64.34910410625275,54.92285635525779,20.381716398586263,42.24356738776145,7.718753022646796,1
112.6306601687246,77.0286991962418,29.68733579429726,12.450436805454496,16.98870732190573,1
113.18143111270236,82.40663301312675,29.553534761821147,28.835119942887815,12.694441375497266,1
15.46858032538989,50.02251447405699,25.109062498719375,3.3627956983683926,12.328377929894685,0
135.382936001935,50.05715297729906,21.075678332714766,4.745896841083486,51.85616886657339,1
75.78785586717858,42.20028561601258,26.14443342342848,49.94463060166453,24.58474424934003,1
123.96861991616124,84.18412090393844,24.668262425950903,16.331962471295547,35.81397165291445,1
48.00744015459176,79.8282716573083,30.15680959602514,37.40919560244232,98.95053333843225,1
134.32848427443008,68.47785254498883,29.086688741790354,40.33325265134082,68.43142489253448,1
58.38025181012447,90.65022693815183,25.4689059229631,42.90116355036146,94.89806670470014,1
1.625647722044754,88.34020917700319,23.26838831382485,49.881414870107825,14.255655503311559,0
135.80729646288955,75.12126186380513,34.82053949233388,12.074824262843393,38.21394748325693,1
13.693001517920035,92.09627683079552,26.810024317941725,2.0175413429849853,55.47318032823543,0
47.89704563856223,52.350472602206096,30.324113536703557,20.5595758997293,7.675806188873802,0
142.50929505762073,46.71517716386367,22.10829451367541,6.504033491447347,0.41874436279578653,1
142.5910720406334,56.18497669101937,27.28384549489097,1.1212944581027562,67.04343337969175,1
86.01568321849291,43.42521136535889,20.413050798041983,18.021341357074306,64.18195168014353,1
94.77558182546989,71.87017168006193,27.58182676865675,39.18691255376182,41.07888099996118,1
67.26682829674796,96.19634153769769,34.460261106765536,28.309034561253544,48.96440760320326,1
43.98161575470968,42.36061244011058,25.763100694787003,15.638899460517703,41.54430005920896,0
49.299681805487396,47.32659484060161,20.584940188623673,32.71710027463598,2.4005044844888856,0
100.87776841155576,67.13194169700611,20.46433686379015,11.600909015440536,33.537160621746246,1
112.85617941565201,96.0325010516743,25.819801399203044,0.7190723036042512,17.708225539728982,1
118.73685655887728,58.96936629860503,22.40037404694791,38.21766932182137,9.842418910136875,1
118.44272141918309,70.43408852130355,20.35028144492279,31.187154243200453,95.67204338893498,1
13.680915457303556,42.494371543023526,31.343204209252654,38.115131225047996,59.935972504216565,0
74.16304570538722,48.90059205772533,26.877845133228362,1.9469008343832805,72.86562842366027,1
8.633814002496642,99.19780737753081,24.338671579589818,41.85598139153261,31.53637432661175,0
82.42933234856034,97.90712178616273,33.50124774524721,30.976310001815165,39.31471294940152,1
66.22957520600656,40.29639885606458,21.742084403007883,28.169767535632005,23.692399389672346,1
133.15562741374495,97.10870712539435,34.33878243432979,31.23070240572658,9.696567096542474,1
52.6372518828118,78.34719626893002,24.70950076066029,43.2216623434182,17.90316374415838,1
17.56005246414088,92.07509767120132,33.32605508463022,29.346825327945353,79.75140452964858,1
21.44875230792538,67.28439133803155,29.044143147191924,29.047518994408968,67.75458051837758,1
114.22659475762083,70.93576171475502,32.40061039612231,49.53395785328829,54.69288759854769,1
92.73270949743916,69.3307948154152,34.760197448156966,37.8365083534284,47.508987286676806,1
15.168401418418537,80.01185545276627,24.326081567281186,22.114690272556764,92.24342836561244,1
12.616020917249616,48.379075285378775,34.41703228111389,35.369850001646384,7.273494777866841,0
105.145369718868,41.798415392360674,25.842228423536305,19.461523584589425,28.060081323791596,1
10.914450954629029,58.47579649547146,25.782678571053836,11.44377312417495,34.9937853570714,0
123.27900889355344,82.2808457641988,25.105806563817588,29.84259384438797,78.24258122127878,1
105.93633407347443,52.1112071273769,28.121114110213778,46.409104905697575,99.25146201619714,1
12.202317096284965,80.40594599949503,22.312175647677307,46.45697600077314,24.067051475715306,0
12.725657112778787,98.19472276643623,28.305672280370167,17.095263905274514,87.43073341370805,1
147.99593677517632,45.6340429473651,28.12557218615006,26.38387331108475,83.06227604317912,1
56.14061936341805,80.35612709350758,31.42852718907305,10.58179492849306,22.46573976417666,1
55.596322060033636,66.62501315827427,32.504749429063786,49.78155547494417,39.933258019922256,1
121.91993508862538,92.08853526265032,26.606620254686362,49.05589539339679,40.96728692925191,1
142.08728660757882,50.628987366843155,24.534998740272407,32.475446485372366,97.82206685265584,1
147.90015957343064,81.55755713356987,23.890023459756417,40.22070298387367,18.089190137889833,1
113.00672778884125,90.28691737888661,22.91935755057308,35.755008064185,79.91579711047821,1
56.43893782963737,96.6768531684414,20.864713732985372,29.65791095197341,33.419271417310995,1
12.525107504800314,80.99488169737876,25.1367196825207,2.6673998494448847,73.08703457761604,1
116.57203738911552,69.83048584050565,24.053715381961748,22.738217127633053,42.001100429566286,1
83.76063746037076,77.07083441207283,34.49626078799611,33.739315108370526,57.835976311654,1
63.633301387046444,92.1342990687231,28.36563239375066,33.876580694184234,83.26117733261312,1
135.9531577642104,74.23658479832977,25.209155585457612,18.65613092111918,80.41655649838842,1
16.679622345922702,41.82322358181021,28.70701401490544,47.084599332901526,86.64231835397001,1
73.89376564362887,95.85692173041866,22.087950520185434,8.36785161183905,5.961732534465902,1
1.7030467151128603,81.37160506189366,26.66065623803304,25.01797231077803,69.20505530397449,1
70.29909629911894,80.59080314663478,29.393514821315957,34.54419882754114,13.998737672176286,1
8.445491352275603,52.94050914386303,27.33346747688677,34.85679029459046,41.5818568018411,0
17.82268744021079,79.53312821395943,26.026682009814863,32.43194783844078,54.858841505468845,0
17.628937016565732,63.63186433924951,34.907725833495476,13.764410672593009,40.273948474683074,0
97.38154531740953,79.07397862248953,33.2047214322339,7.810328434331098,51.961167580300746,1
111.9067318898135,46.39558181847944,29.351089372391602,31.797016341335542,99.65263087986192,1
87.50531476457394,79.47071827618217,28.54066041773424,29.965105806971888,13.521731371285473,1
144.32588227118129,99.96482354623998,29.30990719736876,8.967800514462049,67.54560453364256,1
56.23058692855561,42.892722331633365,23.0196816173365,35.25695727852817,39.600096638561524,1
42.85681294227911,98.63045105327905,25.92706614896478,22.75859958668282,13.300979890732878,0
130.28986922841904,64.41447764337224,20.59189299336349,33.38802958015765,15.873676337430954,1
33.5393757779179,92.24520702023554,27.1331905623024,41.868353988507536,94.92731062456168,1
144.4833809160917,86.94312904349641,28.14536875936495,8.486421428846159,87.9601496711762,1
1.8231712034724512,74.02097565920008,23.416246041548142,0.9572433998418339,90.70419604150219,1
145.48182400614584,84.30695255507959,34.46043270748271,38.955129319789336,99.15327758273865,1
6.473986792586417,92.71093367808086,33.64181916405863,30.484871257630797,20.831539000851794,0
133.67146705471066,64.24841929906198,30.832148531838588,34.98197848110608,35.543933736406174,1
79.15516636294498,59.62198969379432,28.000799431480438,41.90774874943213,66.92190299248666,1
148.94471941789504,80.05560313381508,33.04953739471527,40.14054674122502,48.38025398606472,1
11.06948471030983,88.47075651647552,21.959785157351945,48.046007346441236,41.83895333783335,0
83.07814266019811,85.73710808659695,31.857646914123276,26.79675394260591,35.781124933559305,1
145.39538034286485,87.86881893151806,21.872312209502724,24.42478163299527,59.37806319434522,1
78.46467662552232,66.13499888877598,31.91315993824108,20.094359994536504,57.5593428640082,1
94.40979572028938,89.0700529705013,24.136513523770354,7.684552142210227,16.14578340642401,1
104.36230334769257,47.212543322236506,33.15635871527283,28.63036164410112,47.173983751843906,1
68.18115971516599,72.66934587765098,34.16063140738097,13.85062621629894,55.347177620984986,1
94.13371201260952,40.34551962988729,22.231939541076734,46.06537561064877,57.02869387313905,1
87.64714678846504,59.47514979401622,26.940134075980904,29.15954021385488,21.01071929123518,1
135.17370157364834,61.98769209228387,34.71481067244028,29.642009025405507,74.22713922522868,1
6.81695705121868,63.770361496555324,27.251111539597197,17.746233043850502,2.5199094821069634,0
42.14447843883455,81.72803240139173,32.953212837718176,2.5994675988853744,35.483185554316265,0
142.56172261148382,63.31348607622074,28.830972831969795,1.587188268649431,78.02126485356335,1
133.53956758363745,66.92161735735183,25.629948618794028,21.166757207659874,56.389292105540235,1
68.34851291785694,54.252647852459646,24.286753332888054,4.228268904861893,26.116243251086026,1
93.01988967023051,62.39510749776041,23.04834636629131,30.342347777006957,69.49531193430477,1
41.6071774471699,53.63617763578909,31.42697287066546,44.04865028198287,56.73909441560734,0
28.218173958564197,44.39175542610662,25.798107602345418,44.14574082593611,79.62436094563871,1
69.55476074099732,76.20691560288267,27.66913193301127,32.95227050661162,73.50251861898234,1
53.00283420390792,80.09276791330097,27.384882200017728,10.56159157364655,61.01079220362347,1
87.5484167776308,77.16942076057687,28.65918543849697,43.149841567943604,48.8177675310814,1
11.660195544747726,67.80964262803434,32.98365718436828,44.30467176566041,13.31821256675234,0
146.15922114992497,62.78714681075379,34.71109015375144,9.832679247647935,26.133301788538375,1
147.93161167194043,91.80001897430952,26.113763128607253,36.871304288533864,41.90994729170853,1
104.72425710296177,71.14490710817309,32.412783831594545,14.325977446356147,59.92992870063887,1
80.41445495161805,68.75091265778386,31.467916919820766,40.13201561764648,51.37078552153048,1
46.429142442949164,41.53852394838614,28.602934271833597,49.86189499518014,28.818452595952948,0
122.0692529560423,60.474869657569386,34.340707154179,1.5013002664696407,0.6464357789710551,1
102.70967588308189,62.811737127151424,23.00711773292604,44.86829328954659,49.623922190081394,1
24.392540901733696,63.92936685381403,21.638963154644323,31.131526679932904,28.56259885622431,0
136.63907767407636,74.81034215363994,32.809429504331334,48.669130958241055,73.46083007105351,1
123.38058643847535,72.0161528036127,26.587247249506223,23.25047587632138,2.394626527048349,1
142.4699869937886,76.47430556760668,32.70453281310591,42.369396528568686,58.482781130579085,1
108.857926258254,85.8929956925277,33.396353077931224,3.1197034299138613,94.14742375060654,1
92.01227939036848,88.7791443229656,20.93686390428607,16.763952503914787,17.440926711149952,1
62.73645544359283,83.08738457358967,33.25197144479091,3.3508268875604985,47.16494907505954,1
139.909272503102,97.33142175729608,26.724785830541332,48.76715667395353,9.142199181713817,1
129.90958342506124,41.0939549605817,27.65648733506348,40.84869536359184,62.56819122613526,1
6.782800515928411,51.74667914101276,29.398887666398153,42.62737106229852,55.05316805962256,0
3.9550461745878005,40.45377249868853,33.8957391009513,46.89826157169471,40.736552421283236,0
56.46950503170744,78.84848284927618,20.28674141644646,4.255174305989268,52.13770214737412,1
121.58299961727494,93.88183293699922,27.152652024767256,19.27987962566667,89.65746584690102,1
148.09141939724168,54.608937794577955,30.315830636458408,3.551744452200106,19.629430231106703,1
22.562533665529227,95.6220726877784,30.840604365473425,10.53965507750143,2.2564511705347234,0
89.11960730282027,43.61604341737365,30.38798647305662,11.468288851883617,86.16648846991009,1
57.13362849465323,96.06616160833086,22.01652694112183,23.455360552378934,57.71170823879065,1
145.48715967219047,61.09736123437806,24.49093382557522,13.428108372682129,89.06584554618424,1
126.3178384703563,46.08524970695299,25.380732881255202,5.048905340888055,59.69452234131726,1
125.74930570667068,69.15230555117954,32.06655811519258,8.374554454705386,81.01610899597024,1
70.30397396924555,55.40659406323048,24.181398086218294,7.363778177604546,42.967336335514794,1
62.222925350649774,57.092374117715366,23.160574458008046,48.653839895614915,74.98599312882688,1
41.011060789605935,58.43739789557719,34.361720285571444,37.96462534592368,91.3041466889856,1
8.456324497639066,88.1815538699598,20.132949276702032,48.3880732634781,57.21229637222063,0
129.708356438258,72.34967660051527,34.96731283522968,21.987024325395428,18.078515056237954,1
121.93515136951163,58.67846194936022,30.152319482860932,13.91842408313283,26.879761503019818,1
149.95765099291958,76.6200269986551,32.42703949173676,39.91465986045933,19.86445768974058,1
149.4955255610858,82.96904045339161,24.4192909451929,16.31269590205734,24.685702759573292,1
83.31475584039411,56.35744004401202,20.2147291650059,14.969168685267414,30.64154493510364,1
115.34811227707658,64.8129460915211,31.06804277842295,11.62529961039156,55.51337867531885,1
141.7148594823642,47.313165600216855,32.51216895501014,6.483948911211767,58.79916294638328,1
127.44710860161172,50.86896097208082,31.10714197930279,12.823153050838298,42.649974724186116,1
37.10221526147965,80.86707123789897,22.14275430951258,17.765987423694384,61.54207798208354,1
67.58162029651403,50.88630086173762,31.301418833854534,33.69971040728652,8.157492561136593,1
19.373912272724247,71.50980302002361,31.533841731614615,3.128242110972579,8.778823705815997,0
143.10765408880835,82.54277570334597,29.878107735050826,10.525346983267148,17.182946035765845,1
90.926195167632,46.41261538568463,31.491738991933794,40.45118201458382,51.80774980403447,1
34.296420825519405,74.03873317773422,32.68882159516598,7.346096179188538,21.399467869831355,0
100.7551026608785,55.393767022081825,29.204061713561877,17.132257326126076,28.328440349257733,1
92.71923606868438,97.77561251425479,21.329070709545185,43.23294609290701,40.03128361729941,1
53.72440770492607,69.01273880319548,27.314417145008164,7.746265557172133,81.18661240103798,1
17.03363882994435,88.35955298650948,21.164740020074078,4.136841780909495,1.3862135912860118,0
100.73597933891995,73.0135925293757,26.11314546548646,24.22689975400054,64.93788202366224,1
78.046155135569,42.60475197128915,26.106597336884413,15.12097556392682,66.88765310406853,1
115.8477587603459,77.98908253564134,20.990147662103624,28.170418224192705,79.86557803566366,1
78.02452516679901,97.08420053239942,25.23230800954219,40.19024452417376,93.27529390603132,1
127.82722504778101,76.09670920877987,21.664971481869724,6.857424407637158,2.0137848949289827,1
82.78602581617284,89.15133156560742,32.123528150138334,29.03495422771425,15.378370551321618,1
84.14069573030794,93.05238780090447,34.21532038946706,25.275438019493198,88.6171294055993,1
131.49804039875175,53.68478631693595,21.08474712886908,7.203939300659979,45.851856218701535,1
60.522429931859556,52.7226903944936,34.32672810937552,31.19992427644912,56.459063893346354,1
20.10228426759611,76.6588593310595,27.838648990051176,13.682020893038583,66.30272037231474,1
4.3174014470008455,64.66170818840229,24.49348516930811,24.391715927200625,67.90666044956374,1
113.27058835104285,90.39167817200322,21.152931129142452,4.113616213853094,93.17404033165082,1
93.0464327030197,94.00138740388067,27.509364021056268,22.979202860681152,99.69494174116697,1
105.61196521488354,61.20528275816309,31.91773316736123,15.323173402141016,72.01574609309402,1
31.94462422633661,54.21223353846892,30.606297159000473,41.119060559267716,28.72212092051508,0
20.455721338015465,86.83153091463171,20.753390171959605,2.848936349868414,87.97524022943436,1
2.181699850182289,56.48836213288817,21.093527530518553,20.930363745916498,4.922091454076161,0
52.58813382098955,89.3568591108207,26.043099239489557,22.9215712065719,23.10808528744962,1
88.48765302819496,65.42429521892578,24.42935741071915,36.250303814955934,89.73857174637149,1
58.836606764959846,80.05299395748823,23.485764845840716,28.714378754510548,25.619151443935493,1
65.62123830355937,45.73211883008009,24.215067483630705,33.360616859709054,22.065105962174847,1
135.62380417406226,77.43155948059439,32.052241149453266,38.8524642825878,13.812529314024724,1
52.23832005349505,67.10606072423374,33.93842080447781,43.11014868290944,85.91117576469165,1
77.09842337397161,75.19650779052844,26.076540417913495,15.693774836123525,50.00582591910867,1
117.54795191117147,50.0808524646918,33.59166503198745,26.901135268195148,67.48932030541548,1
59.481417348190526,84.21242469665093,24.82243551871823,42.005403921959996,23.906638407502967,1
93.31300503418102,91.7678246525937,27.146554795156874,49.472556548252825,75.80404210112165,1
129.35455631201177,53.00438800544654,23.390434967239997,44.47596555218816,76.00055449620984,1
142.42809354864633,45.7428733312097,29.60714063263766,18.57336313121884,31.259802490830012,1
22.06102213935569,41.41831516278018,34.68471672762213,9.758325860932521,41.06826330102828,0
138.98814377422417,78.51829002659596,29.052396440650682,24.469626870329435,20.969027743020085,1
73.81744396193073,76.42564216532685,25.367211261703233,37.08207259180211,97.65610233229043,1
38.73665824484375,72.8018447628442,29.717261689857928,24.62845353766488,64.56025770584117,1
68.8703634357392,53.916825766958524,21.843810176980814,24.159043165683425,93.45438807155155,1
147.00488629282157,63.45435975433088,33.329886203980976,41.91152105409003,30.338554362913317,1
73.89271409893044,75.66858011117039,27.546259261697546,18.070188953359317,78.18909129968897,1
49.31274154312623,69.80601153155015,26.74024613059463,42.98973374058228,76.5858643884742,1
95.01012814750887,99.26713121289325,28.78797182680279,20.340240047586178,69.16556518665415,1
36.02184281672896,48.18638515340399,29.371757941841036,16.41165528391697,96.56389752668004,1
11.379499216299587,81.70867324285562,21.076637093397697,22.69949555998495,39.355533610631554,0
19.331958286597384,64.25912608625752,30.239258318351034,38.12234793374342,13.07173235897573,0
19.206875843665866,65.69197689553688,23.628975204732946,6.300101393199714,67.17088592440608,1
22.78540402684415,83.05586593949057,30.709289487598845,9.82096079360087,72.93098004772062,1
20.82407589741152,81.54616907946217,32.33802191576295,47.5722412831546,57.506057345881466,0
96.13121172048218,99.4753596221313,32.05937761328781,8.77458136906787,20.681789313339628,1
27.282012659871725,47.703657367247516,28.28751451111834,28.38636589655273,50.445594166935535,0
51.85009249857948,46.246578963049984,27.802548384661268,28.965723333096893,31.21897365691294,1
134.51826148590177,83.46032902772447,22.143139420091174,24.48122310251224,42.746652816668906,1
71.09424603943086,74.70321502038455,31.63019225604703,32.23726242884093,64.52185758446639,1
100.13366077815408,56.44963999358835,24.071140706700717,11.491336289880921,74.52147426908346,1
25.847980680244476,44.765162139339196,27.450431342269198,27.633113388837412,23.22246909013431,0
28.843352821300616,45.13949497578583,24.26411139391275,18.608662762344856,40.532536064695336,0
6.1302924399718295,93.6514524798471,22.0074254449954,33.08336298145945,26.91615709916292,0
25.340259460824683,51.512039483124575,29.443365453376046,7.061177168657473,19.86316138618691,0
41.78855085479379,59.40229372693125,20.814980522343557,28.543870841973813,78.33872199958384,1
26.551572641512024,53.59938413361928,31.229678511893,9.263517769166185,90.92526944369924,1
13.305380063558342,61.29977834991624,24.76380192891675,13.93215315575182,37.02321856845767,0
18.095380665090122,44.1654305647656,20.00202039506728,10.93549001617916,75.12789243737669,1
69.11681520490886,71.14358745449621,27.66693708855845,9.141888993440855,89.69952893644111,1
30.950057760868876,44.05675381553289,20.702778627914046,41.28554757803335,84.61242105302316,1
54.64047915721132,88.0213904693417,24.142543367313493,14.285378383044517,18.28133885392259,1
75.51259062822854,54.02272491462598,30.60464731183574,46.35618909322247,95.62918815133614,1
103.5592242944048,72.40071487627063,20.940344324327988,48.49632626725954,37.66764404294625,1
5.8968209761648405,92.80474525368749,32.59007738534004,28.563023496854868,33.92406611738363,0
119.91155983635639,79.05264214283164,20.057298839878747,7.15005613328632,6.2431327277780335,1
94.18505842363616,71.97746719308012,23.702358038028535,18.727412168979065,48.6173654104883,1
12.263854792330786,59.460025186922536,31.11356084228107,39.8866131674107,10.90136156409287,0
131.03679361601658,59.98011478349187,24.744052245939603,18.369536434853522,24.853982092742598,1
138.130860079772,80.1692173118914,21.528385820990202,4.350860915139437,31.694262176728138,1
9.161693978229563,99.64836167327005,25.40350878200642,27.839245546409398,80.8826323491684,1
41.53164722208056,79.71035139096271,24.055899295767883,42.25604257480174,87.54886503958966,1
120.9301919689592,73.46700504220149,32.64067853240832,39.79631935717512,30.246631746146967,1
112.23895355754875,83.83903061435477,24.700218763777148,8.756157006517661,85.86981212445738,1
27.6781529034566,67.91233673702308,31.833987076640106,33.63823072062333,85.72309373697911,1
31.402398500506546,43.60854055604711,33.37808217216102,11.025213171782354,76.46509503848735,1
55.5708154187073,73.73780895267458,26.507261293647943,10.910376727608611,14.669511401518154,1
72.6784477786532,97.45751707032281,33.64914715781588,43.70358866525926,69.0322846900729,1
92.7382157295444,50.51817654145958,25.659770809447892,12.483447637011508,94.50240645805688,1
55.33704593546586,81.40029344923994,34.461176247351624,13.16236732590056,68.2540478767157,1
69.38020741997218,52.05602131954339,21.339342867883595,0.03266953806497774,33.16168491078339,1
112.12064072006348,72.14966106838487,30.305288997548644,43.53345170627588,50.05793174308313,1
5.502480433589685,45.800586978803175,27.40721060685393,39.62974066045673,64.57250433510536,1
37.86554165160311,67.02225617549111,25.814732081834705,31.3664467545339,51.05704087285036,0
107.00243788268287,85.36979973371476,29.490678181229015,37.51328819694211,11.995294173096982,1
134.2810256530799,60.85429145433892,30.55785637451497,7.60242837122459,31.206404465202063,1
76.75161631734991,79.89470346923308,20.065449044754637,22.916179729378772,80.23960305536325,1
79.81702278979735,87.72699764738375,22.504296331207982,17.560969367439043,86.14180460955174,1
16.07580170096641,95.63066916876716,30.695690759514783,4.688826312850825,13.730003271557024,0
67.1118550235182,54.078524911327214,29.995781203673097,24.306524260746205,95.23867523987246,1
79.89258996825347,63.958954948558485,34.49071257693016,46.03698251713177,32.88226178486093,1
36.37057554520945,49.14496079982504,31.415566853761746,2.002955952534724,66.231373873072,1
40.38648464240715,99.5490101295025,34.26159061597007,14.573045674689695,75.18251459566811,1
56.5926244656934,95.62005807545772,30.538107523022106,10.377046810285172,81.19462346378835,1
3.0106796666589553,72.39742781683358,24.47078312959165,11.907332683284816,94.57497022259301,1
48.31187483747674,90.52199766258528,21.58047383376285,45.42172759396876,31.29195480288226,0
31.717201049481698,71.25747863632253,31.72735795017403,23.403452711714507,85.85064545515544,1
49.124602826687195,77.41514128016559,29.66223832213874,23.31497064699094,13.168690343620703,0
17.964319772887684,45.34746592696099,20.722790185899445,38.02878212276411,70.50409063535928,1
133.57909211098425,85.31622522980848,25.400756988514676,7.72461020024629,74.19777295139859,1
89.03886803310729,47.66280901811409,34.351997232264296,24.36326770500254,67.77232412013204,1
101.86534787167344,89.5640578151517,27.50601718565302,21.499260706052986,25.2314736135153,1
118.37568579110075,86.92168526022316,26.49093704029557,29.845534527332806,87.30431470152034,1
74.76632983935859,82.52468186457858,26.86549407738941,49.97788516252193,16.8858463370395,1
13.038043213113554,42.169622831485725,23.133240860077457,38.47244470410235,5.363479152083084,0
80.56598127278217,58.187701356719714,25.53060756297193,19.89328515087136,71.74649906119122,1
88.02616770313188,55.78675419465057,25.54719883980765,41.377652613702345,47.54757152327337,1
111.8159211276495,61.60818444829114,20.785325302812087,8.535418165624009,84.90980199586761,1
64.7489319344519,45.25856480583031,31.513514427768776,1.5231843154480063,38.3397141058259,1
19.137045419334562,96.21746938186376,26.247566478558184,10.222418623213652,16.827858850771282,0
42.56638586980867,73.22813444274257,32.33269830224635,17.020577805712982,83.64421924698698,1
54.46234445979526,58.33145863948141,32.75522001679843,25.529037872977995,54.89096316400717,1
96.88758619974018,63.818891024457,23.179910820479872,30.75645702705999,18.91957923903549,1
85.61674570033678,66.83215243029014,29.86030223255193,45.53028586072109,72.03839985864458,1
53.414508884676934,76.03566000163704,27.084227062444725,25.492700477522884,51.111363848950056,1
147.97728731894696,70.94076566178987,33.202351068822274,25.063782231286467,60.431298224031984,1
90.86622290353307,95.16351839286504,23.236110187646812,2.5121504911491064,46.089833820658185,1
35.584018760399175,69.81780897434982,30.167198004650665,1.7455776328111905,82.87089838180064,1
15.267370893060562,99.52948088939877,29.116281833790836,27.557998095818604,82.95627156830498,1
22.928870877649803,91.08549746470575,24.42952216357749,21.908930662417227,70.93888218243862,1
36.89365925767622,52.51063086144015,22.04901355476759,41.95901974901493,10.540137739646227,0
24.10220598893335,95.83571287863498,29.774596407159148,8.033979235592259,83.88538619040689,1
27.985053607695864,46.98198387312856,31.07896187198496,1.24858310585248,67.10129805329098,1
42.76427530407707,89.04698250947149,24.73441015645025,22.451938396506293,69.70241660042996,1
26.006039294213224,62.837397608594806,29.672489060334705,11.873927837612875,36.298284040387166,0
134.5148136939638,92.67845922670418,25.92696361417255,2.4807186669418724,87.92795561570067,1
12.03506184924633,92.08340140644702,30.698103249239267,36.22991434238145,72.53716002348575,1
78.6767084355382,88.35552400705727,22.988229123410797,5.579649997862374,11.259046652919446,1
61.55952404844923,87.40182617842368,33.353225039542615,30.415975000388585,40.77780344061627,1
147.35679253629095,58.280748345882444,24.311143946983698,14.052487508344457,88.63803619601417,1
16.805835325207852,44.85515698307513,25.516789816342293,8.6748025177511,4.719670169737899,0
59.67833985686124,64.17881072590968,20.871379281205247,18.987576145965875,96.14166196420496,1
145.42056499130533,50.41147089919052,21.672683184819146,40.072288811147686,67.91625683195628,1
129.82606888409703,81.69706533414771,27.737928540684923,19.604678845228634,63.13759776433766,1
122.56081064239198,60.76598359226713,24.013890150919572,37.538482460552785,27.05592564879914,1
38.68542405674098,98.53661205159489,32.53220338613291,6.274314839957534,24.879178873917706,0
25.633138108509872,78.45832464071992,20.220400829824307,38.638570983253956,94.20582194885955,1
100.29648298866465,89.34883381806165,25.686410730079043,11.846666245332433,29.827245423412275,1
139.40639836913786,47.95148036451091,25.06018320153639,33.86965649444364,77.55052967189994,1
83.51443395208946,91.72086893635736,20.289914463764017,28.289077742049816,39.31217982070792,1
85.74190342048497,95.36543143080365,21.865525985007654,46.45723586058437,13.925407078470398,1
41.99686404904263,69.22371512913615,26.20464012377953,19.366125898765702,1.071529769535895,0
115.42393997879053,76.37517626505866,27.3929687667117,3.308259441722022,54.42573370152508,1
28.056562283628505,85.88858805417973,26.064346208823036,0.9577742775626452,97.57788185489326,1
48.55188546063655,50.49031763562475,27.964065176181407,41.34292804863765,36.91361938092045,0
63.81546579246252,70.15396458780654,28.926975123585223,26.236781883071608,35.719233399304485,1
76.14155680266825,63.919781666338785,20.148857316917535,38.76220259174746,34.40916178494421,1
36.36145986226204,48.782439529734944,26.96142739180256,11.721280000575735,52.054383730485846,0
17.22552371088053,62.05206533749188,34.452488613313825,17.254187275661685,44.06648834242935,0
91.5930063662449,44.09033856312961,27.78548420194323,1.505193610565947,87.99146267270145,1
43.294582986038364,41.54871441696922,30.163134011884296,48.07461622870561,50.55207917234903,0
87.18573321339184,48.109977349289366,24.677957868753246,33.39339533504067,50.77578381885688,1
23.154407291130347,97.78690669535044,31.609870672291436,46.66025438796531,13.83715947205566,0
72.17101527822263,72.97177215370101,31.593822228141725,13.274820371453616,98.27395409103859,1
79.88841488273788,97.94932966919319,27.819440714812085,30.573180561283042,24.99728908688297,1
7.773530523364036,65.94987269980791,34.6402073491882,33.924998414631894,7.336406745960266,0
50.49064172908809,58.70896798511558,21.8832532214398,15.877485012879422,66.31462489752089,1
20.162201540846137,70.36851177041464,20.254214973343714,42.405461750781505,59.53663701568727,0
9.506245570915162,66.3707013179746,31.55237317635644,47.35807314501239,41.514565399274574,0
148.49403485849177,46.33988105570464,32.10733306047324,44.24275588480022,42.2192233880678,1
48.353076746208444,78.44957888141238,21.803108436808643,36.953348796968626,78.50639210464311,1
121.48116687819522,52.96229095057598,23.98374249437909,13.873233986247701,19.571264009964906,1
38.19609821456458,77.17527729386978,20.263285450499435,14.080802105281586,82.02533189448897,1
102.22540833358939,79.01206554388921,24.39962916170847,48.1680160223019,64.87471138950181,1
114.03417898345299,49.12149118771889,31.597128108780073,0.5142247967846014,41.89697737795244,1
89.34581109117664,43.680977626640086,27.769407915688685,35.802498662107226,45.80286165838686,1
70.73642828252376,86.84569516410639,25.22143389752432,35.31230812776311,25.66472071860958,1
61.77613712209028,67.5880254261592,25.576089423594954,31.134477047489874,75.21143326969748,1
52.330239981449296,43.48982773032855,20.02030438573202,49.50544230434329,51.287474230526776,1
139.4293716371739,99.69197903018602,24.497007913478537,15.593971788186261,32.08545427498436,1
124.59291116815938,43.466833659782,29.696881124568957,16.998593189662408,59.60501157609502,1
144.7540365999769,81.7021137315132,34.61291665724536,3.9469701473277774,99.5734452051323,1
18.64458352283171,99.02073551580482,32.70591240475849,22.139906827186874,43.52622796565539,0
109.63012128054663,54.350806252955536,20.353924469682937,13.052426311742405,92.06914007786196,1
140.75106852315568,48.53496212123177,33.47840907012259,17.169335108882212,34.50168399245661,1
27.18495992484902,47.283096365345735,31.74797619947939,41.72858951278138,5.4732706924985886,0
9.974440105016624,58.196508854055736,31.705641853564707,46.77422567637478,20.424210636842886,0
111.16809739350886,46.0627486606388,26.86993638505357,9.286653600259282,41.86951433276842,1
86.17096697698679,81.52968050164792,25.970079394317544,18.625446577673294,21.963492859456903,1
126.27431651374081,43.73750788780376,24.54373593249789,46.4315281057697,0.02270382182555375,1
20.965856493943424,70.56532768898738,20.985422884315486,3.0904230344611316,91.50015377475272,1
119.29009677898352,99.8018112311786,23.423530452405487,4.6180264055689255,84.3879411230929,1
30.24409800716168,88.83821617036114,23.69905452467037,8.139549460311468,74.22922314869471,1
24.548391429855677,76.91316629386066,27.261156045653024,29.760641706343737,16.781459564602862,0
24.63986968964894,58.3752172471967,31.21166609895041,7.523613550299873,12.036357620998606,0
122.18620803470732,77.43375017749831,27.1071474259692,48.40381907253668,6.760474947238315,1
99.77958310443002,71.6224878346991,20.86766674170741,22.335726362926017,72.40291887729212,1
78.4598137153679,65.56500303342229,34.36684701482306,25.07589801750832,92.88079606878853,1
53.82457261852537,47.84262260441197,34.14086478641168,12.332930790270325,43.053582091303696,1
131.58008112196623,93.196252914428,31.777843147226125,23.548012621736675,11.914067199604816,1
58.86676611339531,66.98707892927935,34.86991852346331,33.095681631850574,51.23928207321066,1
122.48991592073656,51.6773507092459,28.167234992003944,37.55885684770214,34.88319074586301,1
65.87023628553277,62.06556105263738,34.44152525379809,37.69340413549565,37.48249243499977,1
56.541664413736136,64.84778515173562,21.134075609251262,28.894555634704417,62.13306241557073,1
69.40196785044097,89.65227373401245,25.48521122392057,45.217988749692864,71.87181132622024,1
45.20668112462131,84.01686283368412,23.380719020101488,40.87039236530547,11.060359887316086,0
112.14140702643766,86.15829361848039,22.93749626201405,37.852405734931274,3.5590230806476386,1
75.40805851387188,40.661875865718834,22.11204423339014,2.780276084023031,99.43303026857149,1
34.8319042720226,64.96923989078569,29.336204623489948,0.3438981109824657,23.272834891555185,0
134.93618599118528,68.88064909811942,31.719827836209575,10.622363859773648,5.383052490845907,1
57.583683205981714,41.1515366093834,28.67447599130541,33.176179695672616,18.987532909591998,1
81.53292916709829,55.58879252470206,22.204440643823144,20.559874444127292,3.895784634846422,1
135.97081664468203,85.6173893873281,32.16685654900206,20.120312964965585,39.181089461717164,1
93.63569938709881,48.22658234373994,29.539320607455927,44.22934441148069,80.24017844513243,1
17.53470610625461,72.11860788715549,25.822485591904933,44.77814240659194,34.124444975772064,0
140.97481854202127,52.91211232103425,30.111954433040943,45.458763202679286,44.418340687836654,1
94.15620796071268,40.727246478633596,23.898574688642494,15.693903825751365,67.55867735674389,1
50.23584219856292,54.472087455972485,25.177883127413157,34.55279063696309,50.889407006988016,1
20.89081089950809,98.55242529460322,33.76228764697986,13.581659063718481,86.14456860213242,1
119.10377839054439,88.09222671297937,24.357567585071305,9.530491653722489,86.60356750457565,1
93.01091338927702,97.574598659262,27.049824022369048,9.231622867368461,0.9910695491153643,1
80.01916379644823,69.27124263558174,33.352117060940216,17.1053810431797,77.80463064831991,1
134.08388745764364,46.584171920650206,30.61582025401291,21.497880988991085,46.073360024167386,1
118.28958168367961,72.87756933842158,20.933048392470543,41.54745855275342,98.88405413036631,1
22.751231959912676,67.26264007359765,22.209545664184557,5.994554673635605,48.323207587543514,0
46.75831016933223,90.66142496437695,20.117623861578753,36.74629236974471,98.68959453882975,1
37.273370972169865,45.88495484705467,29.463826853437453,26.572745709465266,75.45693612057366,1
111.59194388590154,69.29446822130669,26.715101381156273,14.397267133799623,24.860488461330633,1
5.029865210366907,49.00291988163906,22.014122763534132,24.640979226641228,53.83949792869577,0
85.48345273069748,59.480555613403595,34.36901181585156,14.997103488851133,99.21356394785828,1
114.36880286110357,84.24142464326798,27.9448958591843,29.804097761915298,85.75306077519237,1
131.51484551426242,68.561087762126,23.628399411693337,21.69219614276221,9.73668937912211,1
51.31226230738612,62.553297108746165,27.509053567320613,8.220276453943937,70.6371996809996,1
123.18859570080193,63.66857671420212,30.194304991026616,5.829153727784836,34.5579585870813,1
16.594760543281083,67.5668061043592,21.143588269603466,27.33478410360651,0.6982261880348117,0
126.96784376017773,87.10099263022342,24.12055722571838,45.12065166430517,40.34809690269996,1
19.123299349797364,93.52508133641406,32.104482363259905,17.197884327884278,23.47544217249713,0
59.59309358405509,97.3200811902357,26.89497305603992,36.65000536113116,81.88692705204716,1
119.59430486693304,87.2142031753177,28.198657130484424,32.93306774698835,33.733060884576545,1
22.487614102316066,58.924413744880766,26.49224003314204,46.57774571547405,82.7523693953817,1
34.387709284896225,81.28808236519254,20.658499139645077,41.049050864957046,0.05979388347953085,0
108.33788525895994,66.25618744332351,22.486246697302338,28.330262945273148,30.781915002611914,1
108.00548048191115,55.28023732276307,26.683124581128364,32.85152491170537,24.116521430776196,1
96.1721449327946,90.45229476555537,23.137781981118916,44.919323329201745,23.3567361068611,1
104.092266670065,42.3055809377395,20.74968542989518,19.97593922934674,6.81866197654627,1
81.40866650213943,94.1057195281254,32.65474496077736,16.339735292888868,18.712427041050173,1
37.769858836042914,67.68864787748404,34.71788793746174,0.540554181759817,55.55495698856199,0
51.85439902558792,78.23208860849682,31.89714310995109,41.32755370957321,29.13610728377445,1
27.23965752021385,79.56123533234697,32.806773825570005,40.04903502016825,41.73947823291479,0
136.26758420004424,93.70706444239218,23.62965695475568,5.222725905007569,37.68668803471885,1
87.50876921491808,78.20018093003245,34.409404632698,28.842869056635013,87.59049249998945,1
60.12771251454598,76.8360150856037,22.953885566801425,23.199084908344368,90.52989990105155,1
69.3008705466199,43.999122433641396,34.27144715542748,5.9354547754555735,49.295697165586006,1
142.0925009417723,71.10448131671225,34.92228940948927,49.02841135303618,33.01559503156044,1
23.00271046741203,49.010140049022496,30.67584208619073,10.734794373167771,10.680070400236364,0
87.93447480251959,84.24602612328914,34.71715597687733,3.3617090045280573,95.3402879382095,1
75.8833018326699,70.73331524876048,28.543096693506556,29.74236897509548,6.022694490029745,1
91.71813531519717,80.8136667525012,23.893126747641354,36.943333856651634,29.765027756828044,1
2.7165275731260765,42.50037403614306,26.554938284984313,1.6221723023593482,29.806620117000413,0
130.81858634162273,45.087520962748194,28.903414030681787,32.93588193635111,32.04012861402149,1
139.81774237254186,82.97940328376094,21.096223430405225,26.614593797572724,16.428684327240926,1
84.76997753838134,44.325060159920405,29.33514896925869,5.163250443752421,78.31614309236971,1
104.49762358153384,44.27540366591552,34.71766755143442,8.626193847318103,12.249786196598922,1
138.37490717659435,40.72650851409325,22.851614746755914,28.398714865804024,63.49066591531628,1
106.08579514700979,97.39008389796881,31.88892674432575,14.81788067566442,12.384602670581746,1
22.8808564371392,84.25050156754043,33.61848190669429,46.9157864325658,7.053563759295656,0
86.44325402502197,61.19508451012385,34.155523892303314,40.93701147420254,90.94295036858765,1
91.00725695742838,57.792134877259315,34.40203406608171,49.17836032568315,19.01287663187057,1
63.6196006953579,60.982193784750976,27.82189458082208,12.983541947520699,82.12501545597043,1
110.46663534370842,86.47921187087091,34.65961861987255,48.48618163989885,54.46308711071358,1
140.1550522153522,79.68223666422486,31.359653107016584,21.561693489577895,7.78565196087696,1
138.83527693601644,51.11173407204808,22.425071543554427,17.375939765687733,95.54481914380675,1
67.62590571061982,50.44656012004506,27.15350159701955,2.517476348467662,24.696116699189254,1
16.985706876113287,45.90373898280384,30.774967630580058,2.638262892980131,85.96453453526065,1
147.72617984435018,79.61816318208028,23.71010473728625,34.600562797332735,16.88100057845642,1
125.83471296689012,85.86235973330416,29.609227753233313,22.896449721701394,85.39428821418528,1
18.699402180490026,55.90278569950024,29.999007185699288,11.326081301805285,1.3228812905293985,0
138.12628239260584,41.256697661854766,22.44049615712849,30.69851531626163,51.178045656948065,1
130.48445430931923,44.93030004858564,28.476279686791344,12.642905912505558,76.94425794215569,1
77.82570856891081,98.07160209070183,31.574403664679117,28.88158771722113,93.47955174927833,1
88.69131536173938,57.72668664864521,27.483434968039127,17.960437349134516,90.92021362064871,1
59.85040558051954,86.15338887028801,20.181546751641612,41.17761133059095,81.96248695476449,1
8.2142458233047,77.47981413125584,20.13557703618938,41.034808038338966,88.8191349661304,1
50.27958624688514,62.91637837917375,25.355440159550184,23.867519906120066,19.92196858370765,1
120.42801728970171,52.341235731733306,33.89291102647673,17.54095546675078,28.418429571172876,1
0.6948034506904288,47.283185089564384,23.430151694054132,18.12798982795473,28.89685249210585,0
50.02487575367163,76.900778082332,29.51545533307531,40.285726283410895,37.70539310016988,1
59.7253040386415,86.47802683826728,23.33113806039981,16.4089741398806,39.33206703851887,1
80.60934044068843,78.63425521246785,24.82504984489323,10.4529686853423,54.45553246546755,1
137.97834246191408,71.81812799494949,32.72063134402226,4.234417093765341,15.987976336644138,1
51.951899154894186,42.517073405898174,30.9329216340492,23.33465604422042,69.12466637859893,1
52.04298028443415,98.10932665566303,21.43098915969816,24.106604945992093,16.75665393045065,1
110.62518721646225,87.92285149927447,26.430530314796506,42.04543552014536,31.030848210454753,1
67.83269113347107,57.56932220205788,20.437546454678966,11.061934822303199,50.33451306061541,1
33.690723440997296,98.79821976153104,27.213352199045133,19.049563683419997,79.64405615234773,1
67.86592741990401,76.11289537817933,29.93651017551602,40.42028694468455,73.94692332387272,1
21.128553056969977,74.94535949243479,21.777539353972273,41.181180537448675,64.55343564105223,1
26.458047975933496,84.88439076577193,24.333274083637484,19.23055379893841,15.577326058017016,0
74.75516591092196,88.70618728540825,25.967549382532354,22.956201164334043,54.70453456155777,1
62.83881742568219,79.38871643989016,33.79296536984074,15.164294542464146,8.744650179988545,1
137.226885160215,47.685744781972005,34.89882523134446,46.6277439209656,37.73631767966508,1
54.359084867494964,60.296050359669906,20.673669484934237,5.932188287079016,41.35165302899592,1
87.08825254170652,95.685018419563,31.41511885243088,46.6874711500735,3.9811439445753827,1
94.83964318792955,53.476936710631115,25.575860996035146,34.19332259176716,27.398809946997183,1
1.9641684882500454,62.330021430250795,25.8868727934422,26.57860763433656,95.56494672664894,1
99.53060580250659,65.92461297665176,31.31397460020534,1.6329530392247937,95.36326078296895,1
26.705395030462714,66.36429938166714,33.77639648218113,23.779809591100413,35.23270542525393,0
144.16054762041827,76.77637494967152,34.26392891753822,20.387405250136613,4.310010894832406,1
22.299409162966942,96.58455026468246,28.65683879057481,8.060940598756128,17.909493932818155,0
62.19361855905356,54.4415627099503,25.35681738950754,32.82048017503285,39.221779343354015,1
12.802450211796579,47.290082578055085,31.813236287881686,48.55754536841429,94.77796979692297,1
149.5311377768921,51.848229391596234,23.765020748934504,28.109440553226257,14.119906353718491,1
75.32925154968639,93.21549401255618,28.461110432502764,35.73766382219729,76.35158436682123,1
89.30775259800657,78.74864875931236,25.378676922873098,3.422522628300839,10.868253937469207,1
10.061471608264123,57.15440735434961,29.84946610561814,20.883349790849735,98.12575773912768,1
112.49407055987668,88.95681633811704,23.605983693402603,5.817924258224794,38.161649910913496,1
31.485838964337866,91.68219978180616,22.873894186022387,30.63979177682552,77.5234538899056,1
134.70814341610705,90.79086032141669,33.773586300131555,46.92410791070773,34.259108281113186,1
30.770946072301076,95.13559201837327,21.527055244243055,33.08888662358193,62.76688771588087,1
28.603158099549987,55.134461210401696,27.589368616023975,3.8401524157210765,19.201608474003674,0
5.482450177214232,85.3025157247767,23.312791744445136,17.733310249254142,14.602101929696254,0
70.8100417664999,67.6323698364484,20.58394944988501,27.533168972042578,93.80641395681313,1
84.72616998939246,90.5199131734037,20.540282274371396,20.160387806662612,91.76472779044335,1
9.856295914252854,83.70944062969679,22.62832658158741,41.68220052375862,88.74689402128824,1
116.32914250425159,86.58684678998347,33.001555317590004,40.73355023549946,62.543345016659345,1
67.99332521220414,79.36971026086428,24.2371811596554,30.591551005161072,80.82682112162783,1
78.65854039913701,50.645726168182414,34.25688755862944,18.672897256635263,6.903693691137491,1
66.11441204073422,72.70161513381629,28.724334394837904,12.766818688162207,33.47890418906792,1
60.1144591312989,99.0801843714705,26.54921284653149,5.2937159106564655,31.37031247571562,1
83.94604969623268,96.24328398982713,28.701332520041817,17.7448841743277,63.56453219526132,1
23.286036889606876,42.5904241478207,27.750475778394016,20.658625860385975,35.59577734706405,0
27.28921957429067,49.888888943766226,31.381643806359875,33.79114625520368,14.85067816436808,0
129.26784315202758,47.903726407273716,24.237440989592784,32.90799121487867,59.646707541354374,1
141.9173193200449,83.55879459911773,25.295755874004534,3.5054069820628477,81.43839206690815,1
55.99639744196294,89.0671197914167,33.41141453799876,19.762965771557887,38.21234944599732,1
40.61170097153307,52.81068197864032,34.19684769725608,9.088943360868097,13.22687150984817,0
96.59993148585237,70.35116157710974,33.38837341229711,7.840635265840285,19.668819731282305,1
61.31012566471446,90.44218168067201,26.291719909359703,41.36510748686229,23.7483305169384,1
3.807953349051729,83.96809268597504,31.705482545103223,2.0957608358128765,29.989759299453624,0
23.422889604928553,72.5342323295109,27.14503599951648,20.959143795106066,64.27950705063091,1
107.39583432710963,75.42086142752638,27.463097782191532,8.41018278832591,60.0945484537719,1
98.8385912865227,70.5016328149768,23.07020163585926,43.9665107839237,69.60798615670392,1
4.0643988755225235,57.85290707912924,28.866954548877747,27.852025663751757,36.25019845315131,0
33.295824289942416,73.90131957154097,22.79203846630022,11.5690318188424,82.39976518799783,1
34.66121948821071,81.33311812300545,24.973470486007905,25.12136435831882,20.40876611557603,0
100.78391153980927,92.39937495164847,32.82545302429902,36.574317985155794,46.90407475181539,1
2.9565806631546234,78.1774812387549,23.10613713816283,47.90590044597169,80.09387215414303,1
15.616287297686076,85.66729222258948,21.06737427760149,11.022300212270947,18.015864773261924,0
119.98741280597841,49.60429809727438,21.035113889192246,44.309088606467256,10.986311374078294,1
26.781699308150042,67.6934484651874,34.11176780754662,46.71520570837451,88.36839676879897,1
97.91191617778121,40.559897189625595,27.60380656942752,45.82102722660331,34.29296627591959,1
35.72741715700898,54.80073187129738,26.141181077255276,31.770717843095493,68.3870124909032,1
14.916208913901773,83.5877029067803,32.163178715118775,31.491032721735383,2.534860426393848,0
36.475828649918114,99.5085970809618,32.53738891865774,20.16053165919114,69.00468884094497,1
108.34003977834887,45.95068597523296,24.98286549673407,37.619894115189396,31.61013115469705,1
128.35447021594285,64.0896589516773,30.404270862106927,26.564700917546595,5.574085358744174,1
124.53297968504874,88.00425812194956,31.5668422377783,33.871903561414726,60.9812761548117,1
59.577529442768224,52.24213807773393,29.819760302989316,21.42289519243977,24.080381607317324,1
100.21277048559692,73.30509695813717,22.27392612200149,36.574823202156956,38.680724205188,1
30.747644312373147,83.98427776178049,33.138246252755856,41.22357588022745,8.058081228651359,0
43.97215953915199,76.95912701561073,28.086418291040133,7.321812830140805,14.716325109494532,0
134.45037277816797,51.28148407692497,24.237086395550055,41.6464857787114,29.797723549584376,1
1.9502885266104053,61.323074121144366,26.37842278156541,27.014826589515362,8.975950056015714,0
12.826279628170212,87.02750706912383,20.56356635598361,42.233295454511214,91.08262646863152,1
31.1829382719041,73.253590847921,21.918002018336264,21.56508531705073,0.6047043183978418,0
3.9798305810729575,40.313776812574766,31.48320125773791,18.952024269151753,48.38602188643114,0
27.2153152634696,85.65944560168563,20.000174521330493,45.75303662586112,12.324745813255145,0
87.45623414545382,42.118681296414344,26.248487427234384,12.558463377420065,30.767908947794854,1
63.21368258887469,84.74402696387392,27.837652716283827,42.210616264307156,92.60595598182655,1
133.90075666154624,52.14883360991425,20.819516300014584,24.201028625470205,16.169455327398687,1
122.61653426076613,97.48440880716282,34.596172444584994,25.704772127562986,96.58323197183326,1
51.272602754681394,62.07644507812507,23.39187996874508,15.4234140744742,20.579437698942172,1
38.91351501469387,59.615896980284745,24.562980794544213,28.652110030950784,74.15661084668295,1
56.95386122509004,48.93328301994668,24.559137683825412,16.260559813810566,54.66772648973117,1
88.54424137722116,58.33625292941289,23.456249931760247,1.9634707120826156,88.44787275967592,1
40.20954612343144,92.59904570969204,20.02210733129467,13.599930267217802,55.399325550313094,0
93.6223361773701,99.78006025763483,30.940171911319943,0.31895217032953393,53.45592191563087,1
61.41174782868607,62.098571830410904,34.50268249698928,48.91773935284283,19.54580003683999,1
82.80707712779703,66.91663785727255,23.364402249275678,48.287360490987375,16.62293620516587,1
65.4189793702975,83.32425629216422,29.945707877051337,19.75776487361525,91.64891511155142,1
44.16986393128765,93.17174682790447,31.12844490438073,36.4185427169823,32.78381988500341,0
142.2679960443235,75.58266005120706,32.72638068635787,17.290304920521248,37.20822549628959,1
114.54086912396413,63.491541890669765,26.339437955204136,33.5546578542988,75.98236584283885,1
21.01697636496788,64.75731045091743,24.543963584606438,40.27150215229896,33.882348242280734,0
130.27019638468693,81.73708878980841,24.879427010345466,47.33781223461204,95.20624466390028,1
73.11467973742705,40.19309581625672,30.689319996477693,20.0106137924836,73.79277689988002,1
134.1828340341137,77.17536024759045,32.251691997584544,39.16489914780239,59.742924257342,1
119.97828839209728,61.329580626481444,22.724209516349042,13.29642253160594,88.08951605447525,1
63.78202567038502,87.65183987662505,25.564115122366477,49.51661518968242,4.960590834948276,1
3.3703962480176095,45.57943838938793,33.52910295123725,1.2884799382175571,25.706269218920873,0
40.301603907741914,75.29213601690343,32.10040279542109,30.17644032505605,46.50363342209099,0
81.24513219913004,68.85837339316743,34.77287604143714,32.97529908256636,22.6978539471521,1
95.02173297392208,78.53953155431364,31.313723895231213,34.402277853706444,74.39051873021519,1
38.683152814980346,43.8912156689781,25.897928015418834,6.019378939454451,91.92080310537251,1
20.90341111092362,74.79902724568788,28.859567509919565,46.92648917365652,42.37701199309234,0
125.23953551989487,73.68907527757142,29.915213813709805,9.05916395250414,34.2132600111895,1
147.66032710553282,73.63960566497025,21.17683724475686,31.137670161992055,96.15507321375662,1
78.85352734540288,76.20925999578729,28.167454386557978,11.133803956154248,44.485243282754084,1
25.751892877245524,80.58807623358173,30.639812427089144,15.360820851063545,48.90484004492832,0
40.84609897790534,88.29933998084618,22.509819560015906,27.322927086406217,35.164987234190534,0
2.75860148212001,56.18924320769286,31.70947576138336,20.859670928228823,90.95484730121383,1
137.14482098407484,89.50296461080373,28.756591707711674,8.011280048825315,56.89554832818507,1
17.66266243352117,69.89534093580721,34.28332678546392,8.546820121042414,76.21745871816447,1
86.47747132713803,44.62349674805987,20.636334473103375,20.907239408139983,81.18067183508863,1
41.1082831030809,43.51305575463875,23.979892063332006,37.86414891377504,34.18490419172582,0
83.126700377369,60.05429912176365,29.02330818949736,44.89823234238943,43.369433132038004,1
97.71305825277963,87.09381862668806,24.44839868308896,4.206383112969142,84.84717744062647,1
124.46127055608025,82.46085608445495,30.716362461068634,19.655195377970053,36.32553516758102,1
30.96319076409048,87.31689788034438,31.385079237828965,5.012278186143831,79.39351334518513,1
1.6493742987720716,71.03614338649656,21.537739460997116,0.8296240316298942,94.09923225744372,1
20.53284451032109,66.41193987732943,27.707816963101514,33.08593413219783,62.3210373068007,1
135.00279627721577,48.84715160237704,27.63335833386584,30.12247209832939,74.16272874518889,1
131.0835116343773,59.69156521655869,25.539211553233116,8.150955690744311,80.50973120411349,1
89.61196532554625,66.04116197043251,33.99387293854508,11.690641654653206,84.50396488966425,1
90.07752906504801,45.31602578077703,32.41259479809832,1.185387682225919,39.505333785679596,1
99.75550118193833,53.236717162672676,30.45814072864455,41.74736028472019,5.126345917599817,1
26.30569179351744,75.89351764382434,30.714899536024966,48.73452980242757,40.187627123673956,0
137.16179188874398,84.1397868543514,26.925742157196787,6.7729768397345405,67.37562297840898,1
62.815578733810966,99.90085068357698,33.81491781644864,11.573760688264906,45.03503857807928,1
57.470779237424615,95.98679988061346,30.41893140879928,43.4204761973467,74.89631508603985,1
77.83765579242564,78.5539119721115,30.93471592483725,46.32318989780924,35.69824294686639,1
7.044895016258257,65.27488319764433,32.92536355681018,20.981369140340515,63.474414110402954,1
24.94250531341191,78.17064188249395,24.111073840132864,2.5311236134537065,18.641980485397458,0
110.70504246395556,87.13909708481393,32.10606355800054,1.96959168464097,74.93694366449569,1
12.41980018876897,47.10017145540324,22.928609044347382,28.69749330345052,54.56959688130259,0
90.47281641995824,64.59429338177729,25.180129283673317,19.64475544465895,20.40643885466006,1
36.80236645219814,90.38813713813704,25.03415681404764,1.4326213788827258,29.191117349780725,0
58.394342106296484,63.02997711598264,34.67788202583711,29.16261961562784,74.86087085818323,1
43.30406051560498,74.31233627363119,32.8480583562189,0.5651268294511236,48.26012356615207,0
53.35090746974237,75.26616165173189,30.517547923853897,39.368597907463645,21.60314403930722,1
107.85688577763682,51.06857518801836,30.905851424230853,15.321641135168578,96.72711903702977,1
44.568257343476255,61.734126499137304,28.431091916038568,2.012900150461605,71.51250198168879,1
84.96069604453457,60.07067732451593,34.20636000662779,29.417611049157667,95.71348325397962,1
71.40756032986495,41.571802511923885,27.44388129323542,19.884220721652735,42.71050453603432,1
99.55067480439722,41.45150583348131,25.70776564804842,48.690020667857475,47.51003406917205,1
140.5244608987137,89.9018226205464,22.445530053973865,27.20993312518511,89.79552161850192,1
109.88581458153755,56.38424859836874,31.79308478391587,13.761959051850415,52.504934024538464,1
32.24105678861351,71.08472597432893,31.016658981133872,35.47194323169874,70.72789119056672,1
4.677470259192701,57.92353441532639,25.765325577862022,13.574600127135566,25.217287749552998,0
39.33960664497376,96.44075470692043,20.37790120938844,45.212164570378256,44.67264687026405,0
89.26168960503823,55.55780553194643,32.58495991577016,18.73609852536882,12.34498658103551,1
7.713872022637553,65.7794087643361,20.171269751811103,27.49342813881026,20.59800358769617,0
74.45493708018545,92.36381502907611,30.555496694435764,2.5286551912114428,0.0943415267631087,1
89.52642733753338,90.51601400750852,34.55385664589085,21.30606189761154,3.926505164866023,1
50.13658362254412,51.16608507077664,26.56491992222305,41.61817698304975,97.72838231769293,1
115.63683056187328,88.15859858774263,23.52460107493929,40.28244026816709,24.23536951367623,1
15.98973797006577,67.49121320427356,30.573065150650727,11.215927942676313,66.33107095040019,1
11.270667260371315,68.97813232512131,32.256922130233775,11.303953550528135,83.90996987996115,1
109.2283134305405,48.00879834495663,28.19645474116771,40.86526561066184,55.066045923656425,1
74.32369743092977,44.836090825427476,34.50552912884219,46.51992100846628,15.31445000839562,1
103.2603594641604,83.6763584184259,20.775030824869418,4.768046063650178,72.81164373361663,1
65.22410079056193,69.78766914131799,27.571933974567923,22.502931971311263,60.025141009958304,1
36.960304985866024,66.21104215691076,30.77680920983825,16.872713948211448,73.12505893473751,1
122.86534765112995,83.7704937191438,32.93960706723769,43.53442277287197,76.97466228570872,1
119.91238184534689,85.93077393946658,22.68883417861685,4.176245734000938,97.54103676847451,1
104.20447062816402,49.53449006016122,32.000052226455225,10.556297127901871,57.356328002671,1
40.8217705844944,76.61350896865848,28.290606135778177,37.623416879324715,34.164111269060186,0
88.53460003036307,48.12124493666113,25.94830522984945,2.564692449060779,64.8464556900237,1
54.14608454100402,85.08250516174274,21.975725428686403,24.626769035714464,6.844070924262613,1
13.737310998995122,79.41730937602837,32.97943638363368,22.105351733986,89.73973183215863,1
137.5970363193364,97.39687726500748,22.35909812269573,16.720058949437433,11.938101133819679,1
20.52279463784421,44.13748098138527,24.64681788813649,19.728615765946188,32.784283788581824,0
142.53560307312037,43.423283269075256,24.350682979436552,26.497029346511646,81.57453806261209,1
66.90086594369336,56.93122448159201,33.07121051286281,8.068367919419156,59.731237833071184,1
